2025-07-18 05:01:49,admin,Add User,Added user hamed
2025-07-19 01:07:26,admin,Logout,User logged out2025-07-22 22:44:09,parakash,Logout,User logged out,2025-07-23 13:41:21,superadmin,Login,User logged in,
2025-07-23 13:41:23,superadmin,Login,User logged in,
2025-07-23 13:47:06,parakash,Login,User logged in,
2025-07-23 13:49:20,parakash,Login,User logged in,
2025-07-23 13:51:29,superadmin,Logout,User logged out,
2025-07-23 13:51:40,parakash,Login,User logged in,
2025-07-23 18:20:26,parakash,Login,User logged in,
2025-07-23 18:38:53,parakash,Add File Tracking,Added file tracking for 28170,28170
2025-07-25 17:55:10,parakash,Login,User logged in,
2025-07-25 17:57:00,parakash,Add File Tracking,Added file tracking for 28170,28170
